Image,End.Date,Temp TRT,Channel,Chamber,Leaf spp.,End.Length.mm,BWP.end?,Days,Notes,Remeas.1,Remeas.2,Remeas.3,QC
DSC01357,17-Apr-19,4,4D,A024,Acer,7.79,Y,,,,,,
DSC01362,17-Apr-19,4,4D,A029,Acer,8.089,N,,,,,,
DSC01368,17-Apr-19,3,3D,A035,Acer,9.303,N,,,8.815,8.879,8.711,
DSC01370,17-Apr-19,3,3D,A040,Acer,8.182,N,,,,,,
DSC01372,17-Apr-19,3,3D,A036,Acer,9.08,N,,,,,,
DSC01374,17-Apr-19,3,3D,R033,Rhodo,8.866,N,,,,,,
DSC01376,17-Apr-19,3,3D,R038,Rhodo,7.675,N,,,,,,
DSC01377,17-Apr-19,3,3D,R040,Rhodo,9.238,N,,,,,,
DSC01379,17-Apr-19,3,3D,R035,Rhodo,8.57,N,,dead but not decomposed and still measurable,,,,
DSC01383,17-Apr-19,3,3D,R036,Rhodo,8.862,N,,,,,,
DSC01385,17-Apr-19,3,3A,R075,Rhodo,9.63,Y,,,9.806,9.797,9.775,
DSC01391,17-Apr-19,3,3A,R076,Rhodo,6.483,N,,end bug is very scrunched. exclude?,6.53,6.509,6.52,EXCL
DSC01387,17-Apr-19,3,3A,R077,Rhodo,7.678,Y,,,,,,
DSC01390,17-Apr-19,3,3A,R078,Rhodo,8.397,N,,,,,,
DSC01395,17-Apr-19,3,3A,R079,Rhodo,8.263,N,,,,,,
DSC01398,17-Apr-19,3,3A,A073,Acer,14.098,Y,,Bug may have been actively emerging,12.614,12.678,12.61,EXCL
DSC01397,17-Apr-19,3,3A,A075,Acer,8.586,N,,,,,,
DSC01402,17-Apr-19,3,3A,A076,Acer,9.033,N,,,,,,
DSC01403,17-Apr-19,3,3A,A078,Acer,7.814,N,,,,,,
DSC01406,17-Apr-19,3,3A,A079,Acer,8.383,N,,,,,,
DSC01400,17-Apr-19,3,3A,A080,Acer,8.989,N,,,,,,
DSC01408,17-Apr-19,4,4C,A106,Acer,8.828,Y,,,,,,
DSC01412,17-Apr-19,4,4C,A105,Acer,7.787,N,,,,,,
DSC01409,17-Apr-19,4,4C,R107,Rhodo,8.073,N,,,,,,
DSC01411,17-Apr-19,4,4C,R105,Rhodo,7.848,N,,,,,,
DSC01413,17-Apr-19,4,4C,R103,Rhodo,7.649,N,,,,,,
DSC01421,17-Apr-19,3,3B,R138,Rhodo,7.722,N,,,,,,
DSC01422,17-Apr-19,3,3B,R137,Rhodo,7.781,N,,,,,,
DSC01427,17-Apr-19,3,3B,R134,Rhodo,9.134,Y,,,,,,
DSC01430,17-Apr-19,3,3B,R140,Rhodo,8.87,N,,,,,,
DSC01433,17-Apr-19,3,3B,A136,Acer,7.96,Y,,,,,,
DSC01435,17-Apr-19,3,3B,A137,Acer,7.802,N,,,,,,
DSC01438,17-Apr-19,4,4B,A146,Acer,7.855,N,,,,,,
DSC01441,17-Apr-19,4,4B,A149,Acer,8.411,Y,,,,,,
DSC01442,17-Apr-19,4,4B,A145,Acer,8.264,Y,,,,,,
DSC01443,17-Apr-19,4,4B,A143,Acer,7.917,N,,,,,,
DSC01444,17-Apr-19,4,4B,R146,Rhodo,9.881,Y,,,9.604,9.576,9.677,
DSC01446,17-Apr-19,4,4B,R147,Rhodo,8.846,N,,,,,,
DSC01448,17-Apr-19,4,4B,R143,Rhodo,9.493,N,,,,,,
DSC01450,17-Apr-19,3,3C,R165,Rhodo,8.13,N,,,,,,
DSC01452,17-Apr-19,3,3C,R163,Rhodo,8.182,N,,,,,,
DSC01453,17-Apr-19,4,4A,A178,Acer,7.685,N,,,,,,
DSC01454,17-Apr-19,4,4A,A173,Acer,8.421,N,,,,,,
DSC01455,17-Apr-19,4,4A,A176,Acer,8.469,N,,,,,,
DSC01457,17-Apr-19,4,4A,R173,Rhodo,8.208,N,,end photo very scrunched - exclude?,8.416,8.299,8.257,EXCL
DSC01469,17-Apr-19,2,2A,A003,Acer,8.432,N,,,,,,
DSC01460,17-Apr-19,2,2A,A005,Acer,8.095,N,,,,,,
DSC01461,17-Apr-19,2,2A,A008,Acer,9.201,N,,,,,,
DSC01462,17-Apr-19,2,2A,A004,Acer,8.034,N,,,,,,
DSC01464,17-Apr-19,2,2A,R006,Rhodo,8.243,N,,,,,,
DSC01465,17-Apr-19,2,2A,R004,Rhodo,9.384,N,,,9.43,9.374,9.358,
DSC01467,17-Apr-19,2,2A,R003,Rhodo,7.817,N,,,,,,
DSC01468,17-Apr-19,2,2A,R005,Rhodo,7.596,N,,,7.961,7.946,7.904,
DSC01472,17-Apr-19,2,2A,R009,Rhodo,8.798,N,,,,,,
DSC01473,17-Apr-19,2,2A,R007,Rhodo,8.542,N,,,,,,
DSC01475,17-Apr-19,2,2B,R063,Rhodo,7.856,N,,,,,,
DSC01477,17-Apr-19,2,2B,R068,Rhodo,7.856,N,,,,,,
DSC01478,17-Apr-19,2,2B,R067,Rhodo,9.064,N,,,,,,
DSC01479,17-Apr-19,2,2B,R064,Rhodo,8.162,N,,,,,,
DSC01481,17-Apr-19,2,2B,R069,Rhodo,7.896,N,,,,,,
DSC01483,17-Apr-19,2,2B,R070,Rhodo,8.569,N,,,,,,
DSC01486,17-Apr-19,2,2B,A065,Acer,7.775,N,,,,,,
DSC01487,17-Apr-19,2,2B,A069,Acer,8.28,N,,,,,,
DSC01489,17-Apr-19,2,2B,A067,Acer,8.35,N,,,,,,
DSC01490,17-Apr-19,2,2B,A063,Acer,8.763,N,,,,,,
DSC01491,17-Apr-19,2,2C,A089,Acer,7.306,N,,,,,,
DSC01492,17-Apr-19,2,2C,A090,Acer,8.135,N,,,,,,
DSC01493,17-Apr-19,2,2C,A088,Acer,7.79,N,,,7.862,7.839,7.878,
DSC01495,17-Apr-19,2,2C,A085,Acer,9.508,N,,,,,,
DSC01497,17-Apr-19,2,2C,A084,Acer,7.668,N,,,,,,
DSC01498,17-Apr-19,2,2C,R085,Rhodo,9.305,N,,,,,,
DSC01499,17-Apr-19,2,2C,R088,Rhodo,8.043,N,,,,,,
DSC01500,17-Apr-19,2,2C,R086,Rhodo,9.448,N,,,9.809,9.751,9.793,
DSC01501,17-Apr-19,2,2C,R087,Rhodo,9.6,N,,,9.508,9.511,9.507,
DSC01502,17-Apr-19,2,2C,R084,Rhodo,7.19,N,,,,,,
DSC01504,17-Apr-19,2,2C,R089,Rhodo,10.317,N,,Bug might be dead,9.756,10.11,9.89,
DSC01505,17-Apr-19,2,2C,R090,Rhodo,7.016,N,,,,,,
DSC01507,17-Apr-19,2,2D,R185,Rhodo,9.22,N,,,,,,
DSC01509,17-Apr-19,2,2D,R187,Rhodo,8.308,N,,,,,,
DSC01510,17-Apr-19,2,2D,R189,Rhodo,8.394,N,,,,,,
DSC01511,17-Apr-19,2,2D,R188,Rhodo,8.081,N,,end photo very scrunched - exclude?,7.912,7.891,7.924,EXCL
DSC01512,17-Apr-19,2,2D,R190,Rhodo,8.228,N,,,,,,
DSC01513,17-Apr-19,2,2D,R186,Rhodo,8.84,N,,,,,,
DSC01515,17-Apr-19,2,2D,A183,Acer,7.928,N,,,8.366,8.366,8.389,
DSC01516,17-Apr-19,2,2D,A184,Acer,10.31,N,,,,,,
DSC01517,17-Apr-19,2,2D,A188,Acer,8.793,N,,,,,,
DSC01519,17-Apr-19,2,2D,A187,Acer,8.647,N,,,,,,
DSC01520,17-Apr-19,2,2D,A190,Acer,8.381,N,,,,,,
DSC01521,17-Apr-19,2,2D,A185,Acer,8.97,N,,,,,,
DSC01522,17-Apr-19,0,0A,A049,Acer,8.522,N,,,,,,
DSC01523,17-Apr-19,0,0A,A047,Acer,8.334,N,,bug bent and photo blurry,,,,
DSC01524,17-Apr-19,0,0A,A044,Acer,9.172,N,,,,,,
DSC01525,17-Apr-19,0,0A,A043,Acer,7.894,N,,,,,,
DSC01527,17-Apr-19,0,0A,A046,Acer,8.476,N,,,,,,
DSC01528,17-Apr-19,0,0A,A045,Acer,8.812,N,,,,,,
DSC01529,17-Apr-19,0,0A,A048,Acer,8.872,N,,,,,,
DSC01530,17-Apr-19,0,0A,A050,Acer,7.713,N,,,,,,
DSC01531,17-Apr-19,0,0A,R045,Rhodo,8.187,N,,,,,,
DSC01532,17-Apr-19,0,0A,R047,Rhodo,8.645,N,,,,,,
DSC01533,17-Apr-19,0,0A,R046,Rhodo,8.151,N,,,,,,
DSC01534,17-Apr-19,0,0A,R043,Rhodo,8.679,N,,,,,,
DSC01535,17-Apr-19,0,0A,R049,Rhodo,8.319,N,,,,,,
DSC01536,17-Apr-19,0,0A,R050,Rhodo,8.235,N,,,,,,
DSC01537,17-Apr-19,0,0A,R044,Rhodo,8.784,N,,,,,,
DSC01538,17-Apr-19,0,0A,R048,Rhodo,8.492,N,,,,,,
DSC01540,17-Apr-19,0,0C,R017,Rhodo,8.713,N,,,,,,
DSC01541,17-Apr-19,0,0C,A018,Acer,7.471,N,,,7.884,7.891,7.86,
DSC01542,17-Apr-19,0,0C,R014,Rhodo,7.848,N,,,,,,
DSC01543,17-Apr-19,0,0C,R013,Rhodo,7.653,N,,,,,,
DSC01544,17-Apr-19,0,0C,R019,Rhodo,8.128,N,,,,,,
DSC01545,17-Apr-19,0,0C,R015,Rhodo,7.878,N,,,,,,
DSC01546,17-Apr-19,0,0C,R020,Rhodo,7.8,N,,,,,,
DSC01547,17-Apr-19,0,0C,A019,Acer,8.374,N,,,,,,
DSC01548,17-Apr-19,0,0C,A020,Acer,7.504,N,,,,,,
DSC01549,17-Apr-19,0,0C,A015,Acer,7.967,N,,,,,,
DSC01550,17-Apr-19,0,0C,A014,Acer,8.301,N,,,,,,
DSC01551,17-Apr-19,0,0C,A017,Acer,6.887,N,,,,,,
DSC01552,17-Apr-19,0,0C,R018,Rhodo,8.207,N,,,,,,
DSC01554,17-Apr-19,0,0C,R016,Rhodo,7.572,N,,,,,,
DSC01555,17-Apr-19,0,0D,A058,Acer,7.795,N,,,,,,
DSC01556,17-Apr-19,0,0D,A056,Acer,7.078,N,,,,,,
DSC01557,17-Apr-19,0,0D,A054,Acer,9.573,N,,,9.582,9.522,9.604,
DSC01558,17-Apr-19,0,0D,A053,Acer,8.397,N,,,,,,
DSC01559,17-Apr-19,0,0D,A055,Acer,7.218,N,,,,,,
DSC01560,17-Apr-19,0,0D,A057,Acer,8.355,N,,,,,,
DSC01561,17-Apr-19,0,0D,A060,Acer,8.078,N,,,8.314,8.37,8.359,
DSC01564,17-Apr-19,0,0D,R055,Rhodo,10.268,N,,,9.991,10.058,10.047,
DSC01565,17-Apr-19,0,0D,R057,Rhodo,8.393,N,,,,,,
DSC01566,17-Apr-19,0,0D,R056,Rhodo,8.17,N,,,,,,
DSC01567,17-Apr-19,0,0D,R053,Rhodo,8.256,N,,,,,,
DSC01573,17-Apr-19,0,0D,R060,Rhodo,7.807,N,,,,,,
DSC01574,17-Apr-19,0,0D,R054,Rhodo,7.55,N,,,,,,
DSC01575,17-Apr-19,1,1B,R115,Rhodo,8.002,Y,,,,,,
DSC01576,17-Apr-19,1,1B,A116,Acer,7.799,N,,,,,,
DSC01577,17-Apr-19,1,1B,A112,Acer,8.135,N,,,,,,
DSC01579,17-Apr-19,1,1B,A113,Acer,9.226,N,,,,,,
DSC01580,17-Apr-19,1,1B,A114,Acer,8.312,N,,,,,,
DSC01581,17-Apr-19,1,1B,A120,Acer,7.854,N,,,,,,
DSC01583,17-Apr-19,1,1B,R113,Rhodo,8.351,N,,,,,,
DSC01584,17-Apr-19,1,1B,A117,Acer,8.678,N,,,,,,
DSC01585,17-Apr-19,1,1B,R118,Rhodo,8.337,N,,,,,,
DSC01586,17-Apr-19,1,1B,A119,Acer,8.249,N,,,,,,
DSC01587,17-Apr-19,1,1B,R116,Rhodo,7.123,N,,,7.064,7.064,7.056,
DSC01588,17-Apr-19,1,1B,R120,Rhodo,8.257,N,,,,,,
DSC01589,17-Apr-19,1,1B,A118,Acer,7.336,N,,use remeas - end photo was wrong for init meas,9.116,9.078,9.072,REMEAS
DSC01590,17-Apr-19,1,1B,R114,Rhodo,8.807,N,,use remeas - end photo was wrong for init meas,7.521,7.508,7.527,REMEAS
DSC01591,17-Apr-19,1,1B,R117,Rhodo,9.23,N,,dead but not decomposed and still measurable,8.882,8.831,8.863,
DSC01592,17-Apr-19,1,1C,A124,Acer,8.172,N,,,8.259,8.237,8.33,
DSC01593,17-Apr-19,1,1C,A123,Acer,7.297,N,,,,,,
DSC01594,17-Apr-19,1,1C,A130,Acer,7.165,N,,,,,,
DSC01595,17-Apr-19,1,1C,A129,Acer,6.982,N,,,,,,
DSC01596,17-Apr-19,1,1C,A126,Acer,7.232,N,,,,,,
DSC01600,17-Apr-19,1,1C,A127,Acer,8.764,N,,,,,,
DSC01601,17-Apr-19,1,1C,A128,Acer,7.477,N,,,,,,
DSC01602,17-Apr-19,1,1C,R125,Rhodo,9.532,N,,,,,,
DSC01603,17-Apr-19,1,1C,R129,Rhodo,6.963,N,,,,,,
DSC01605,17-Apr-19,1,1C,R130,Rhodo,6.876,N,,bug in end photo scrunched - exclude?,6.959,7.012,6.974,EXCL
DSC01607,17-Apr-19,1,1C,R126,Rhodo,8.985,N,,,,,,
DSC01608,17-Apr-19,1,1C,R127,Rhodo,8.738,N,,,8.159,8.184,8.182,
DSC01609,17-Apr-19,1,1C,R124,Rhodo,8.909,N,,,,,,
DSC01610,17-Apr-19,1,1C,R123,Rhodo,7.255,N,,,,,,
DSC01613,17-Apr-19,0,0B,A154,Acer,7.947,N,,,,,,
DSC01614,17-Apr-19,0,0B,A160,Acer,9.329,N,,,,,,
DSC01615,17-Apr-19,0,0B,A158,Acer,8.789,N,,,,,,
DSC01616,17-Apr-19,0,0B,A153,Acer,8.293,N,,,8.435,8.451,8.441,
DSC01617,17-Apr-19,0,0B,A156,Acer,8.966,N,,,,,,
DSC01618,17-Apr-19,0,0B,A155,Acer,9.376,N,,,,,,
DSC01619,17-Apr-19,0,0B,A159,Acer,8.716,N,,,,,,
DSC01620,17-Apr-19,0,0B,A157,Acer,8.792,N,,,,,,
DSC01621,17-Apr-19,0,0B,R154,Rhodo,8.815,N,,,,,,
DSC01622,17-Apr-19,0,0B,R157,Rhodo,7.913,N,,bug in end photo is scrunched - exclude?,7.481,7.513,7.47,EXCL
DSC01623,17-Apr-19,0,0B,R155,Rhodo,7.494,N,,bug in end photo is scrunched - exclude?,7.198,7.161,7.184,EXCL
DSC01624,17-Apr-19,0,0B,R156,Rhodo,9.798,N,,,,,,
DSC01625,17-Apr-19,0,0B,R153,Rhodo,7.899,N,,,,,,
DSC01626,17-Apr-19,0,0B,R160,Rhodo,8.496,N,,,,,,
DSC01627,17-Apr-19,0,0B,R158,Rhodo,7.84,N,,end bug slightly srunched comp. to beg. - exclude?,7.821,7.845,7.841,EXCL
DSC01628,17-Apr-19,0,0B,R159,Rhodo,7.985,N,,,8.098,8.06,8.103,
DSC01630,17-Apr-19,1,1A,R093,Rhodo,7.938,N,,,,,,
DSC01631,17-Apr-19,1,1A,R094,Rhodo,8.36,N,,,,,,
DSC01632,17-Apr-19,1,1A,R097,Rhodo,8.99,N,,,,,,
DSC01633,17-Apr-19,1,1A,R100,Rhodo,9.392,N,,,,,,
DSC01635,17-Apr-19,1,1A,R098,Rhodo,7.685,N,,,,,,
DSC01636,17-Apr-19,1,1A,R099,Rhodo,7.766,N,,,,,,
DSC01637,17-Apr-19,1,1A,R095,Rhodo,6.911,N,,,,,,
DSC01638,17-Apr-19,1,1A,A098,Acer,7.927,N,,,,,,
DSC01639,17-Apr-19,1,1A,A093,Acer,7.613,N,,,,,,
DSC01640,17-Apr-19,1,1A,A096,Acer,8.429,N,,,,,,
DSC01641,17-Apr-19,1,1A,A094,Acer,7.32,N,,,,,,
DSC01642,17-Apr-19,1,1A,A095,Acer,6.928,N,,bug in end photo slightly scrunched - exclude?,7.067,7.064,7.054,EXCL
DSC01643,17-Apr-19,1,1A,A097,Acer,8.222,N,,,,,,
DSC01645,17-Apr-19,1,1D,R197,Rhodo,7.044,N,,end photo scrunched - exclude?,7.093,7.079,7.063,EXCL
DSC01646,17-Apr-19,1,1D,R198,Rhodo,8.149,N,,,,,,
DSC01647,17-Apr-19,1,1D,R199,Rhodo,7.994,N,,,,,,
DSC01648,17-Apr-19,1,1D,R196,Rhodo,8.012,N,,,,,,
DSC01649,17-Apr-19,1,1D,R193,Rhodo,8.065,N,,,,,,
DSC01650,17-Apr-19,1,1D,R194,Rhodo,8.75,N,,,,,,
DSC01651,17-Apr-19,1,1D,A193,Acer,9.225,N,,,,,,
DSC01653,17-Apr-19,1,1D,A197,Acer,9.56,N,,,,,,
DSC01654,17-Apr-19,1,1D,A195,Acer,9.759,N,,,9.222,9.192,9.273,
DSC01655,17-Apr-19,1,1D,A196,Acer,8.74,N,,,,,,
DSC01656,17-Apr-19,1,1D,A200,Acer,8.007,N,,,,,,
DSC01657,17-Apr-19,1,1D,A198,Acer,7.875,N,,,,,,
DSC01658,17-Apr-19,1,1D,A199,Acer,8.699,N,,,,,,